epoch,loss
1,48.328367471694946
2,48.25596237182617
3,48.07599973678589
4,47.154736042022705
5,32.86442148685455
6,17.21244779229164
7,7.760279193520546
8,5.991661444306374
9,3.732419453561306
